source,target,platform,weight,interaction_type,date
random_4729x,privacy_advocate_11,reddit,4,comment_reply,1/5/2025
random_4729x,linux_daily_user,reddit,3,comment_reply,1/13/2025
random_4729x,vpn_reviewer_22,reddit,2,reply,1/21/2025
random_4729x,opsec_beginner,reddit,2,comment_reply,1/31/2025
random_4729x,news_watcher_eu,reddit,1,reply,2/12/2025
random_4729x,opensource_fan_77,reddit,3,comment_reply,2/25/2025
random_4729x,bitwarden_helper,reddit,2,reply,3/7/2025
thought_echo_47,eff_updates,twitter,2,retweet,1/9/2025
thought_echo_47,privacy_news_bot,twitter,1,reply,1/19/2025
thought_echo_47,tech_policy_watch,twitter,2,quote_tweet,2/5/2025
thought_echo_47,digital_rights_eu,twitter,1,retweet,2/20/2025
user_4729,crypto_researcher,hackernews,3,reply,1/11/2025
user_4729,browser_security_dev,hackernews,2,reply,1/23/2025
user_4729,opsec_beginner,hackernews,2,reply,2/8/2025
user_4729,differential_privacy_phd,hackernews,1,reply,2/22/2025
user_4729,metadata_analyst,hackernews,2,reply,3/10/2025
qytetar_anonim,tirane_banor_55,forum_al,3,discussion,1/7/2025
qytetar_anonim,internet_shqip,forum_al,2,reply,1/17/2025
qytetar_anonim,news_watcher_eu,forum_al,1,reply,1/29/2025
qytetar_anonim,ligji_dixhital,forum_al,2,discussion,2/14/2025
qytetar_anonim,transparenca_al,forum_al,2,reply,3/2/2025
signal_anon,signal_group_privacy,signal,2,group_message,1/15/2025
signal_anon,signal_group_tech,signal,2,group_message,2/2/2025
signal_anon,signal_group_oss,signal,1,group_message,2/18/2025
